strategy,name,signals,win_rate,avg_pct,median_pct,max_gain,max_loss,avg_days,monthly_freq
F1,초극단 과매도 +30% (A강화),0,0.0,0.0,0.0,0.0,0.0,0.0,0.0
F2,폭락주 대형반등 +50% (D확장),1,100.0,50.0,50.0,121.07693676130356,50.0,1.0,1.0
F3,거래량폭증 과매도 +30% (C+E),0,0.0,0.0,0.0,0.0,0.0,0.0,0.0
F4,저가주 극한반등 +40% (D+E),5,40.0,8.8,-12.0,121.07693676130356,-12.0,2.0,0.5597014925373134
F5,멀티시그널 A+C +30% (복합),1,100.0,18.424959399760503,18.424959399760503,25.854386969152888,18.424959399760503,10.0,1.0
F6,기존A→TP30% (20일보유),1,100.0,30.0,30.0,31.352156426960697,30.0,13.0,1.0
F7,기존E→TP30% (30일보유),7,42.857142857142854,7.142857142857143,-10.0,81.26983699284396,-10.0,3.5714285714285716,0.40384615384615385
